time_unit,real_y,synth_y,unit_name,difference,control,pre_mspe,post_mspe,mspe_ratio,pre_rmspe,post_rmspe,rmspe_ratio
2021-01-01,5.3,5.300121675174273,Lee,-1.216751742729727e-4,Lee,0.0033263223826755887,0.3669984251321436,110.33158633197232,0.05767427834551195,0.6058039494194005,182.1242440524093
2021-02-01,4.8,4.8472674281052175,Lee,-0.04726742810521767,Lee,0.0033263223826755887,0.3669984251321436,110.33158633197232,0.05767427834551195,0.6058039494194005,182.1242440524093
2021-03-01,4.7,4.720118844366881,Lee,-0.020118844366880495,Lee,0.0033263223826755887,0.3669984251321436,110.33158633197232,0.05767427834551195,0.6058039494194005,182.1242440524093
2021-04-01,4.5,4.471641970199077,Lee,0.02835802980092339,Lee,0.0033263223826755887,0.3669984251321436,110.33158633197232,0.05767427834551195,0.6058039494194005,182.1242440524093
2021-05-01,4.4,4.296275320744421,Lee,0.10372467925557949,Lee,0.0033263223826755887,0.3669984251321436,110.33158633197232,0.05767427834551195,0.6058039494194005,182.1242440524093
2021-06-01,5,4.962583012510678,Lee,0.03741698748932176,Lee,0.0033263223826755887,0.3669984251321436,110.33158633197232,0.05767427834551195,0.6058039494194005,182.1242440524093
2021-07-01,4.8,4.734232563816187,Lee,0.06576743618381276,Lee,0.0033263223826755887,0.3669984251321436,110.33158633197232,0.05767427834551195,0.6058039494194005,182.1242440524093
2021-08-01,4.6,4.532021094812743,Lee,0.0679789051872568,Lee,0.0033263223826755887,0.3669984251321436,110.33158633197232,0.05767427834551195,0.6058039494194005,182.1242440524093
2021-09-01,4.2,4.109730654538289,Lee,0.09026934546171095,Lee,0.0033263223826755887,0.3669984251321436,110.33158633197232,0.05767427834551195,0.6058039494194005,182.1242440524093
2021-10-01,3.9,3.8463073541579518,Lee,0.05369264584204814,Lee,0.0033263223826755887,0.3669984251321436,110.33158633197232,0.05767427834551195,0.6058039494194005,182.1242440524093
2021-11-01,3.7,3.657216683136827,Lee,0.04278331686317305,Lee,0.0033263223826755887,0.3669984251321436,110.33158633197232,0.05767427834551195,0.6058039494194005,182.1242440524093
2021-12-01,3.1,3.176047069890081,Lee,-0.07604706989008081,Lee,0.0033263223826755887,0.3669984251321436,110.33158633197232,0.05767427834551195,0.6058039494194005,182.1242440524093
2022-01-01,3.9,3.8381268944658347,Lee,0.06187310553416525,Lee,0.0033263223826755887,0.3669984251321436,110.33158633197232,0.05767427834551195,0.6058039494194005,182.1242440524093
2022-02-01,3.3,3.3883573345314066,Lee,-0.08835733453140682,Lee,0.0033263223826755887,0.3669984251321436,110.33158633197232,0.05767427834551195,0.6058039494194005,182.1242440524093
2022-03-01,3,3.0897137745227847,Lee,-0.08971377452278473,Lee,0.0033263223826755887,0.3669984251321436,110.33158633197232,0.05767427834551195,0.6058039494194005,182.1242440524093
2022-04-01,2.8,2.7771171002820867,Lee,0.02288289971791313,Lee,0.0033263223826755887,0.3669984251321436,110.33158633197232,0.05767427834551195,0.6058039494194005,182.1242440524093
2022-05-01,2.9,2.862991862442013,Lee,0.03700813755798693,Lee,0.0033263223826755887,0.3669984251321436,110.33158633197232,0.05767427834551195,0.6058039494194005,182.1242440524093
2022-06-01,3.3,3.330685863040019,Lee,-0.03068586304001908,Lee,0.0033263223826755887,0.3669984251321436,110.33158633197232,0.05767427834551195,0.6058039494194005,182.1242440524093
2022-07-01,3.2,3.149177417823141,Lee,0.05082258217685931,Lee,0.0033263223826755887,0.3669984251321436,110.33158633197232,0.05767427834551195,0.6058039494194005,182.1242440524093
2022-08-01,3.2,3.1999832597563547,Lee,1.6740243645507746e-5,Lee,0.0033263223826755887,0.3669984251321436,110.33158633197232,0.05767427834551195,0.6058039494194005,182.1242440524093
2022-09-01,3,3.0394664504418607,Lee,-0.0394664504418607,Lee,0.0033263223826755887,0.3669984251321436,110.33158633197232,0.05767427834551195,0.6058039494194005,182.1242440524093
2022-10-01,4.7,2.9986483674549844,Lee,1.7013516325450158,Lee,0.0033263223826755887,0.3669984251321436,110.33158633197232,0.05767427834551195,0.6058039494194005,182.1242440524093
2022-11-01,4.2,2.939139811703725,Lee,1.260860188296275,Lee,0.0033263223826755887,0.3669984251321436,110.33158633197232,0.05767427834551195,0.6058039494194005,182.1242440524093
2022-12-01,3.4,2.59598917014061,Lee,0.80401082985939,Lee,0.0033263223826755887,0.3669984251321436,110.33158633197232,0.05767427834551195,0.6058039494194005,182.1242440524093
2023-01-01,3.5,3.0813309013061327,Lee,0.41866909869386726,Lee,0.0033263223826755887,0.3669984251321436,110.33158633197232,0.05767427834551195,0.6058039494194005,182.1242440524093
2023-02-01,3.2,2.967206120488895,Lee,0.2327938795111053,Lee,0.0033263223826755887,0.3669984251321436,110.33158633197232,0.05767427834551195,0.6058039494194005,182.1242440524093
2023-03-01,3.1,2.8801553247500014,Lee,0.21984467524999873,Lee,0.0033263223826755887,0.3669984251321436,110.33158633197232,0.05767427834551195,0.6058039494194005,182.1242440524093
2023-04-01,2.7,2.5699932064633684,Lee,0.1300067935366318,Lee,0.0033263223826755887,0.3669984251321436,110.33158633197232,0.05767427834551195,0.6058039494194005,182.1242440524093
2023-05-01,3.1,2.8820309284268353,Lee,0.2179690715731648,Lee,0.0033263223826755887,0.3669984251321436,110.33158633197232,0.05767427834551195,0.6058039494194005,182.1242440524093
2023-06-01,3.4,3.2823815667472975,Lee,0.11761843325270238,Lee,0.0033263223826755887,0.3669984251321436,110.33158633197232,0.05767427834551195,0.6058039494194005,182.1242440524093
2023-07-01,3.4,3.331420843171866,Lee,0.06857915682813376,Lee,0.0033263223826755887,0.3669984251321436,110.33158633197232,0.05767427834551195,0.6058039494194005,182.1242440524093
2023-08-01,3.6,3.5454976210838525,Lee,0.05450237891614762,Lee,0.0033263223826755887,0.3669984251321436,110.33158633197232,0.05767427834551195,0.6058039494194005,182.1242440524093
2023-09-01,3.5,3.5084953653322777,Lee,-0.008495365332277682,Lee,0.0033263223826755887,0.3669984251321436,110.33158633197232,0.05767427834551195,0.6058039494194005,182.1242440524093
2023-10-01,3.5,3.409201241345194,Lee,0.09079875865480602,Lee,0.0033263223826755887,0.3669984251321436,110.33158633197232,0.05767427834551195,0.6058039494194005,182.1242440524093
2023-11-01,3.3,3.2582470903226115,Lee,0.04175290967738832,Lee,0.0033263223826755887,0.3669984251321436,110.33158633197232,0.05767427834551195,0.6058039494194005,182.1242440524093
2023-12-01,3.1,3.1197181384127677,Lee,-0.019718138412767594,Lee,0.0033263223826755887,0.3669984251321436,110.33158633197232,0.05767427834551195,0.6058039494194005,182.1242440524093
2021-01-01,5.2,5.074595570645897,Bay,0.125404429354103,control units,0.01704329267739326,0.016976616883572646,0.9960878572537185,0.13054996237989983,0.130294347089859,7.644904629413855
2021-02-01,4.8,4.678798709616643,Bay,0.12120129038335659,control units,0.01704329267739326,0.016976616883572646,0.9960878572537185,0.13054996237989983,0.130294347089859,7.644904629413855
2021-03-01,4.4,4.422072570137143,Bay,-0.022072570137142478,control units,0.01704329267739326,0.016976616883572646,0.9960878572537185,0.13054996237989983,0.130294347089859,7.644904629413855
2021-04-01,4.1,4.111510204806989,Bay,-0.011510204806989499,control units,0.01704329267739326,0.016976616883572646,0.9960878572537185,0.13054996237989983,0.130294347089859,7.644904629413855
2021-05-01,3.9,3.9452424716368046,Bay,-0.045242471636804726,control units,0.01704329267739326,0.016976616883572646,0.9960878572537185,0.13054996237989983,0.130294347089859,7.644904629413855
2021-06-01,4.4,4.5834141847400405,Bay,-0.18341418474004012,control units,0.01704329267739326,0.016976616883572646,0.9960878572537185,0.13054996237989983,0.130294347089859,7.644904629413855
2021-07-01,4.2,4.423550709910391,Bay,-0.2235507099103904,control units,0.01704329267739326,0.016976616883572646,0.9960878572537185,0.13054996237989983,0.130294347089859,7.644904629413855
2021-08-01,4,4.232472883317158,Bay,-0.23247288331715765,control units,0.01704329267739326,0.016976616883572646,0.9960878572537185,0.13054996237989983,0.130294347089859,7.644904629413855
2021-09-01,3.6,3.8111487185216326,Bay,-0.21114871852163253,control units,0.01704329267739326,0.016976616883572646,0.9960878572537185,0.13054996237989983,0.130294347089859,7.644904629413855
2021-10-01,3.5,3.6063329042219063,Bay,-0.10633290422190633,control units,0.01704329267739326,0.016976616883572646,0.9960878572537185,0.13054996237989983,0.130294347089859,7.644904629413855
2021-11-01,3.4,3.4605603999693546,Bay,-0.060560399969354695,control units,0.01704329267739326,0.016976616883572646,0.9960878572537185,0.13054996237989983,0.130294347089859,7.644904629413855
2021-12-01,3.1,3.0323553635062717,Bay,0.06764463649372843,control units,0.01704329267739326,0.016976616883572646,0.9960878572537185,0.13054996237989983,0.130294347089859,7.644904629413855
2022-01-01,3.9,3.687082726377796,Bay,0.21291727362220403,control units,0.01704329267739326,0.016976616883572646,0.9960878572537185,0.13054996237989983,0.130294347089859,7.644904629413855
2022-02-01,3.3,3.226943870884255,Bay,0.073056129115745,control units,0.01704329267739326,0.016976616883572646,0.9960878572537185,0.13054996237989983,0.130294347089859,7.644904629413855
2022-03-01,2.9,2.953687933570963,Bay,-0.05368793357096324,control units,0.01704329267739326,0.016976616883572646,0.9960878572537185,0.13054996237989983,0.130294347089859,7.644904629413855
2022-04-01,2.5,2.6204074537976974,Bay,-0.12040745379769735,control units,0.01704329267739326,0.016976616883572646,0.9960878572537185,0.13054996237989983,0.130294347089859,7.644904629413855
2022-05-01,2.6,2.655836486939524,Bay,-0.05583648693952403,control units,0.01704329267739326,0.016976616883572646,0.9960878572537185,0.13054996237989983,0.130294347089859,7.644904629413855
2022-06-01,3,3.075927612060946,Bay,-0.075927612060946,control units,0.01704329267739326,0.016976616883572646,0.9960878572537185,0.13054996237989983,0.130294347089859,7.644904629413855
2022-07-01,2.9,2.978895393332256,Bay,-0.07889539333225626,control units,0.01704329267739326,0.016976616883572646,0.9960878572537185,0.13054996237989983,0.130294347089859,7.644904629413855
2022-08-01,2.8,2.968975064250486,Bay,-0.16897506425048636,control units,0.01704329267739326,0.016976616883572646,0.9960878572537185,0.13054996237989983,0.130294347089859,7.644904629413855
2022-09-01,2.7,2.8064064063616136,Bay,-0.10640640636161347,control units,0.01704329267739326,0.016976616883572646,0.9960878572537185,0.13054996237989983,0.130294347089859,7.644904629413855
2022-10-01,2.6,2.8150750621308624,Bay,-0.21507506213086236,control units,0.01704329267739326,0.016976616883572646,0.9960878572537185,0.13054996237989983,0.130294347089859,7.644904629413855
2022-11-01,2.8,2.810745013788944,Bay,-0.010745013788944213,control units,0.01704329267739326,0.016976616883572646,0.9960878572537185,0.13054996237989983,0.130294347089859,7.644904629413855
2022-12-01,2.5,2.51795240136884,Bay,-0.017952401368840132,control units,0.01704329267739326,0.016976616883572646,0.9960878572537185,0.13054996237989983,0.130294347089859,7.644904629413855
2023-01-01,3.1,2.9344913163970365,Bay,0.16550868360296356,control units,0.01704329267739326,0.016976616883572646,0.9960878572537185,0.13054996237989983,0.130294347089859,7.644904629413855
2023-02-01,2.8,2.791812251395475,Bay,0.00818774860452498,control units,0.01704329267739326,0.016976616883572646,0.9960878572537185,0.13054996237989983,0.130294347089859,7.644904629413855
2023-03-01,2.6,2.6893738846078152,Bay,-0.08937388460781515,control units,0.01704329267739326,0.016976616883572646,0.9960878572537185,0.13054996237989983,0.130294347089859,7.644904629413855
2023-04-01,2.3,2.390240923449443,Bay,-0.09024092344944323,control units,0.01704329267739326,0.016976616883572646,0.9960878572537185,0.13054996237989983,0.130294347089859,7.644904629413855
2023-05-01,2.6,2.71327832558706,Bay,-0.11327832558705975,control units,0.01704329267739326,0.016976616883572646,0.9960878572537185,0.13054996237989983,0.130294347089859,7.644904629413855
2023-06-01,2.9,3.0673903911792726,Bay,-0.16739039117927268,control units,0.01704329267739326,0.016976616883572646,0.9960878572537185,0.13054996237989983,0.130294347089859,7.644904629413855
2023-07-01,3,3.0827936827999607,Bay,-0.08279368279996069,control units,0.01704329267739326,0.016976616883572646,0.9960878572537185,0.13054996237989983,0.130294347089859,7.644904629413855
2023-08-01,3.1,3.2964940821812783,Bay,-0.19649408218127817,control units,0.01704329267739326,0.016976616883572646,0.9960878572537185,0.13054996237989983,0.130294347089859,7.644904629413855
2023-09-01,3.1,3.255065565615122,Bay,-0.15506556561512186,control units,0.01704329267739326,0.016976616883572646,0.9960878572537185,0.13054996237989983,0.130294347089859,7.644904629413855
2023-10-01,3.1,3.293477421500472,Bay,-0.19347742150047198,control units,0.01704329267739326,0.016976616883572646,0.9960878572537185,0.13054996237989983,0.130294347089859,7.644904629413855
2023-11-01,3.1,3.20809581439023,Bay,-0.10809581439022997,control units,0.01704329267739326,0.016976616883572646,0.9960878572537185,0.13054996237989983,0.130294347089859,7.644904629413855
2023-12-01,3.1,3.030120388759171,Bay,0.06987961124082931,control units,0.01704329267739326,0.016976616883572646,0.9960878572537185,0.13054996237989983,0.130294347089859,7.644904629413855
2021-01-01,6.5,6.296478009609,Citrus,0.20352199039099972,control units,0.015659908362003167,0.01744009613715631,1.1136780454905182,0.1251395555450121,0.1320609561420646,8.433060595839384
2021-02-01,6.1,5.902814236302997,Citrus,0.1971857636970027,control units,0.015659908362003167,0.01744009613715631,1.1136780454905182,0.1251395555450121,0.1320609561420646,8.433060595839384
2021-03-01,6,5.935694437686573,Citrus,0.06430556231342699,control units,0.015659908362003167,0.01744009613715631,1.1136780454905182,0.1251395555450121,0.1320609561420646,8.433060595839384
2021-04-01,5.5,5.397862062777259,Citrus,0.10213793722274112,control units,0.015659908362003167,0.01744009613715631,1.1136780454905182,0.1251395555450121,0.1320609561420646,8.433060595839384
2021-05-01,5.4,5.2029883049055154,Citrus,0.1970116950944849,control units,0.015659908362003167,0.01744009613715631,1.1136780454905182,0.1251395555450121,0.1320609561420646,8.433060595839384
2021-06-01,6.3,6.137511897492545,Citrus,0.1624881025074547,control units,0.015659908362003167,0.01744009613715631,1.1136780454905182,0.1251395555450121,0.1320609561420646,8.433060595839384
2021-07-01,6.1,5.935429641075956,Citrus,0.1645703589240437,control units,0.015659908362003167,0.01744009613715631,1.1136780454905182,0.1251395555450121,0.1320609561420646,8.433060595839384
2021-08-01,5.9,5.738220739235875,Citrus,0.16177926076412508,control units,0.015659908362003167,0.01744009613715631,1.1136780454905182,0.1251395555450121,0.1320609561420646,8.433060595839384
2021-09-01,5.2,5.192483421537651,Citrus,0.007516578462348988,control units,0.015659908362003167,0.01744009613715631,1.1136780454905182,0.1251395555450121,0.1320609561420646,8.433060595839384
2021-10-01,4.8,4.753260604530759,Citrus,0.046739395469240996,control units,0.015659908362003167,0.01744009613715631,1.1136780454905182,0.1251395555450121,0.1320609561420646,8.433060595839384
2021-11-01,4.8,4.697981879030675,Citrus,0.1020181209693245,control units,0.015659908362003167,0.01744009613715631,1.1136780454905182,0.1251395555450121,0.1320609561420646,8.433060595839384
2021-12-01,4.2,4.059458098428139,Citrus,0.14054190157186142,control units,0.015659908362003167,0.01744009613715631,1.1136780454905182,0.1251395555450121,0.1320609561420646,8.433060595839384
2022-01-01,5.2,5.190057301126856,Citrus,0.009942698873143918,control units,0.015659908362003167,0.01744009613715631,1.1136780454905182,0.1251395555450121,0.1320609561420646,8.433060595839384
2022-02-01,4.5,4.546705664737794,Citrus,-0.04670566473779392,control units,0.015659908362003167,0.01744009613715631,1.1136780454905182,0.1251395555450121,0.1320609561420646,8.433060595839384
2022-03-01,4,4.1507853868562234,Citrus,-0.15078538685622345,control units,0.015659908362003167,0.01744009613715631,1.1136780454905182,0.1251395555450121,0.1320609561420646,8.433060595839384
2022-04-01,3.6,3.5622781262940753,Citrus,0.037721873705924835,control units,0.015659908362003167,0.01744009613715631,1.1136780454905182,0.1251395555450121,0.1320609561420646,8.433060595839384
2022-05-01,3.7,3.804162631248766,Citrus,-0.10416263124876579,control units,0.015659908362003167,0.01744009613715631,1.1136780454905182,0.1251395555450121,0.1320609561420646,8.433060595839384
2022-06-01,4.4,4.3976453593722775,Citrus,0.002354640627722837,control units,0.015659908362003167,0.01744009613715631,1.1136780454905182,0.1251395555450121,0.1320609561420646,8.433060595839384
2022-07-01,4.3,4.10932076222207,Citrus,0.19067923777793006,control units,0.015659908362003167,0.01744009613715631,1.1136780454905182,0.1251395555450121,0.1320609561420646,8.433060595839384
2022-08-01,4.3,4.202760650432661,Citrus,0.0972393495673387,control units,0.015659908362003167,0.01744009613715631,1.1136780454905182,0.1251395555450121,0.1320609561420646,8.433060595839384
2022-09-01,4.1,4.097621076743564,Citrus,0.002378923256435961,control units,0.015659908362003167,0.01744009613715631,1.1136780454905182,0.1251395555450121,0.1320609561420646,8.433060595839384
2022-10-01,4,3.9081013643480373,Citrus,0.09189863565196266,control units,0.015659908362003167,0.01744009613715631,1.1136780454905182,0.1251395555450121,0.1320609561420646,8.433060595839384
2022-11-01,4,3.9068763442297962,Citrus,0.09312365577020376,control units,0.015659908362003167,0.01744009613715631,1.1136780454905182,0.1251395555450121,0.1320609561420646,8.433060595839384
2022-12-01,3.6,3.555628850392843,Citrus,0.04437114960715727,control units,0.015659908362003167,0.01744009613715631,1.1136780454905182,0.1251395555450121,0.1320609561420646,8.433060595839384
2023-01-01,4.2,4.2439563014354444,Citrus,-0.04395630143544427,control units,0.015659908362003167,0.01744009613715631,1.1136780454905182,0.1251395555450121,0.1320609561420646,8.433060595839384
2023-02-01,4,4.046301051869486,Citrus,-0.04630105186948619,control units,0.015659908362003167,0.01744009613715631,1.1136780454905182,0.1251395555450121,0.1320609561420646,8.433060595839384
2023-03-01,3.9,3.8989683177519088,Citrus,0.001031682248091137,control units,0.015659908362003167,0.01744009613715631,1.1136780454905182,0.1251395555450121,0.1320609561420646,8.433060595839384
2023-04-01,3.5,3.362346603692611,Citrus,0.13765339630738893,control units,0.015659908362003167,0.01744009613715631,1.1136780454905182,0.1251395555450121,0.1320609561420646,8.433060595839384
2023-05-01,3.9,3.904442511558659,Citrus,-0.004442511558659046,control units,0.015659908362003167,0.01744009613715631,1.1136780454905182,0.1251395555450121,0.1320609561420646,8.433060595839384
2023-06-01,4.5,4.353627721829404,Citrus,0.14637227817059628,control units,0.015659908362003167,0.01744009613715631,1.1136780454905182,0.1251395555450121,0.1320609561420646,8.433060595839384
2023-07-01,4.7,4.446366648561454,Citrus,0.2536333514385465,control units,0.015659908362003167,0.01744009613715631,1.1136780454905182,0.1251395555450121,0.1320609561420646,8.433060595839384
2023-08-01,5,4.790786105359105,Citrus,0.2092138946408948,control units,0.015659908362003167,0.01744009613715631,1.1136780454905182,0.1251395555450121,0.1320609561420646,8.433060595839384
2023-09-01,4.9,4.836308933514321,Citrus,0.06369106648567957,control units,0.015659908362003167,0.01744009613715631,1.1136780454905182,0.1251395555450121,0.1320609561420646,8.433060595839384
2023-10-01,4.8,4.545801657668329,Citrus,0.25419834233167116,control units,0.015659908362003167,0.01744009613715631,1.1136780454905182,0.1251395555450121,0.1320609561420646,8.433060595839384
2023-11-01,4.6,4.4954936736279425,Citrus,0.10450632637205715,control units,0.015659908362003167,0.01744009613715631,1.1136780454905182,0.1251395555450121,0.1320609561420646,8.433060595839384
2023-12-01,4.4,4.298265192420371,Citrus,0.10173480757962938,control units,0.015659908362003167,0.01744009613715631,1.1136780454905182,0.1251395555450121,0.1320609561420646,8.433060595839384
2021-01-01,4.4,4.500147794968393,Clay,-0.10014779496839221,control units,0.004540783989061335,0.01779384742762954,3.9186729583469706,0.06738533957072068,0.1333935809086387,29.376773092483894
2021-02-01,4.1,4.157279082270583,Clay,-0.05727908227058354,control units,0.004540783989061335,0.01779384742762954,3.9186729583469706,0.06738533957072068,0.1333935809086387,29.376773092483894
2021-03-01,3.9,3.930768842197685,Clay,-0.030768842197685053,control units,0.004540783989061335,0.01779384742762954,3.9186729583469706,0.06738533957072068,0.1333935809086387,29.376773092483894
2021-04-01,3.7,3.613238549069086,Clay,0.08676145093091403,control units,0.004540783989061335,0.01779384742762954,3.9186729583469706,0.06738533957072068,0.1333935809086387,29.376773092483894
2021-05-01,3.5,3.50335564871169,Clay,-0.00335564871169014,control units,0.004540783989061335,0.01779384742762954,3.9186729583469706,0.06738533957072068,0.1333935809086387,29.376773092483894
2021-06-01,4.2,4.146145945783728,Clay,0.05385405421627176,control units,0.004540783989061335,0.01779384742762954,3.9186729583469706,0.06738533957072068,0.1333935809086387,29.376773092483894
2021-07-01,4,3.957973034028505,Clay,0.042026965971495134,control units,0.004540783989061335,0.01779384742762954,3.9186729583469706,0.06738533957072068,0.1333935809086387,29.376773092483894
2021-08-01,3.8,3.8121995683275007,Clay,-0.01219956832750091,control units,0.004540783989061335,0.01779384742762954,3.9186729583469706,0.06738533957072068,0.1333935809086387,29.376773092483894
2021-09-01,3.4,3.3953657039287597,Clay,0.004634296071240218,control units,0.004540783989061335,0.01779384742762954,3.9186729583469706,0.06738533957072068,0.1333935809086387,29.376773092483894
2021-10-01,3.3,3.2497349157987307,Clay,0.05026508420126907,control units,0.004540783989061335,0.01779384742762954,3.9186729583469706,0.06738533957072068,0.1333935809086387,29.376773092483894
2021-11-01,3.1,3.1118523140856635,Clay,-0.011852314085663451,control units,0.004540783989061335,0.01779384742762954,3.9186729583469706,0.06738533957072068,0.1333935809086387,29.376773092483894
2021-12-01,2.7,2.710967665912749,Clay,-0.010967665912748892,control units,0.004540783989061335,0.01779384742762954,3.9186729583469706,0.06738533957072068,0.1333935809086387,29.376773092483894
2022-01-01,3.3,3.333292656267707,Clay,-0.033292656267707166,control units,0.004540783989061335,0.01779384742762954,3.9186729583469706,0.06738533957072068,0.1333935809086387,29.376773092483894
2022-02-01,3,2.932282447752769,Clay,0.06771755224723108,control units,0.004540783989061335,0.01779384742762954,3.9186729583469706,0.06738533957072068,0.1333935809086387,29.376773092483894
2022-03-01,2.7,2.6988969566758865,Clay,0.001103043324113706,control units,0.004540783989061335,0.01779384742762954,3.9186729583469706,0.06738533957072068,0.1333935809086387,29.376773092483894
2022-04-01,2.5,2.4309567941356858,Clay,0.06904320586431423,control units,0.004540783989061335,0.01779384742762954,3.9186729583469706,0.06738533957072068,0.1333935809086387,29.376773092483894
2022-05-01,2.6,2.519912378537483,Clay,0.08008762146251724,control units,0.004540783989061335,0.01779384742762954,3.9186729583469706,0.06738533957072068,0.1333935809086387,29.376773092483894
2022-06-01,3,2.93317376633744,Clay,0.0668262336625598,control units,0.004540783989061335,0.01779384742762954,3.9186729583469706,0.06738533957072068,0.1333935809086387,29.376773092483894
2022-07-01,2.9,2.7535396529358116,Clay,0.1464603470641883,control units,0.004540783989061335,0.01779384742762954,3.9186729583469706,0.06738533957072068,0.1333935809086387,29.376773092483894
2022-08-01,2.9,2.749228755021435,Clay,0.15077124497856476,control units,0.004540783989061335,0.01779384742762954,3.9186729583469706,0.06738533957072068,0.1333935809086387,29.376773092483894
2022-09-01,2.6,2.620289364928879,Clay,-0.020289364928879117,control units,0.004540783989061335,0.01779384742762954,3.9186729583469706,0.06738533957072068,0.1333935809086387,29.376773092483894
2022-10-01,2.7,2.6211886766415677,Clay,0.07881132335843244,control units,0.004540783989061335,0.01779384742762954,3.9186729583469706,0.06738533957072068,0.1333935809086387,29.376773092483894
2022-11-01,2.7,2.6596749245596847,Clay,0.040325075440315494,control units,0.004540783989061335,0.01779384742762954,3.9186729583469706,0.06738533957072068,0.1333935809086387,29.376773092483894
2022-12-01,2.3,2.2837444963960514,Clay,0.01625550360394845,control units,0.004540783989061335,0.01779384742762954,3.9186729583469706,0.06738533957072068,0.1333935809086387,29.376773092483894
2023-01-01,2.8,2.760385737068111,Clay,0.039614262931888966,control units,0.004540783989061335,0.01779384742762954,3.9186729583469706,0.06738533957072068,0.1333935809086387,29.376773092483894
2023-02-01,2.7,2.671649191492459,Clay,0.028350808507541014,control units,0.004540783989061335,0.01779384742762954,3.9186729583469706,0.06738533957072068,0.1333935809086387,29.376773092483894
2023-03-01,2.6,2.5229778780611607,Clay,0.0770221219388394,control units,0.004540783989061335,0.01779384742762954,3.9186729583469706,0.06738533957072068,0.1333935809086387,29.376773092483894
2023-04-01,2.4,2.2389920125486538,Clay,0.16100798745134615,control units,0.004540783989061335,0.01779384742762954,3.9186729583469706,0.06738533957072068,0.1333935809086387,29.376773092483894
2023-05-01,2.7,2.5440080300745413,Clay,0.15599196992545883,control units,0.004540783989061335,0.01779384742762954,3.9186729583469706,0.06738533957072068,0.1333935809086387,29.376773092483894
2023-06-01,3.1,2.9675622803467263,Clay,0.13243771965327378,control units,0.004540783989061335,0.01779384742762954,3.9186729583469706,0.06738533957072068,0.1333935809086387,29.376773092483894
2023-07-01,3.2,2.9521397579823443,Clay,0.24786024201765589,control units,0.004540783989061335,0.01779384742762954,3.9186729583469706,0.06738533957072068,0.1333935809086387,29.376773092483894
2023-08-01,3.3,3.1397897670605164,Clay,0.16021023293948344,control units,0.004540783989061335,0.01779384742762954,3.9186729583469706,0.06738533957072068,0.1333935809086387,29.376773092483894
2023-09-01,3.1,3.0335670046377357,Clay,0.06643299536226444,control units,0.004540783989061335,0.01779384742762954,3.9186729583469706,0.06738533957072068,0.1333935809086387,29.376773092483894
2023-10-01,3.3,3.101764187214676,Clay,0.19823581278532387,control units,0.004540783989061335,0.01779384742762954,3.9186729583469706,0.06738533957072068,0.1333935809086387,29.376773092483894
2023-11-01,3.2,2.9735074636373335,Clay,0.22649253636266664,control units,0.004540783989061335,0.01779384742762954,3.9186729583469706,0.06738533957072068,0.1333935809086387,29.376773092483894
2023-12-01,2.9,2.875665164778144,Clay,0.024334835221855755,control units,0.004540783989061335,0.01779384742762954,3.9186729583469706,0.06738533957072068,0.1333935809086387,29.376773092483894
2021-01-01,5.8,5.3534846966823855,Escambia,0.44651530331761435,control units,0.0484478415079348,0.009602891731498102,0.19821093020058156,0.22010870384411152,0.09799434540573299,2.0226772206081347
2021-02-01,5.3,4.919130925311793,Escambia,0.3808690746882064,control units,0.0484478415079348,0.009602891731498102,0.19821093020058156,0.22010870384411152,0.09799434540573299,2.0226772206081347
2021-03-01,5,4.751651970715818,Escambia,0.2483480292841822,control units,0.0484478415079348,0.009602891731498102,0.19821093020058156,0.22010870384411152,0.09799434540573299,2.0226772206081347
2021-04-01,4.7,4.518600048487346,Escambia,0.1813999515126543,control units,0.0484478415079348,0.009602891731498102,0.19821093020058156,0.22010870384411152,0.09799434540573299,2.0226772206081347
2021-05-01,4.6,4.418453447818876,Escambia,0.18154655218112392,control units,0.0484478415079348,0.009602891731498102,0.19821093020058156,0.22010870384411152,0.09799434540573299,2.0226772206081347
2021-06-01,5.3,5.021015936637817,Escambia,0.2789840633621825,control units,0.0484478415079348,0.009602891731498102,0.19821093020058156,0.22010870384411152,0.09799434540573299,2.0226772206081347
2021-07-01,5.1,4.734536370670592,Escambia,0.36546362932940735,control units,0.0484478415079348,0.009602891731498102,0.19821093020058156,0.22010870384411152,0.09799434540573299,2.0226772206081347
2021-08-01,4.8,4.578513404531627,Escambia,0.2214865954683729,control units,0.0484478415079348,0.009602891731498102,0.19821093020058156,0.22010870384411152,0.09799434540573299,2.0226772206081347
2021-09-01,4.3,4.137964138040735,Escambia,0.16203586195926523,control units,0.0484478415079348,0.009602891731498102,0.19821093020058156,0.22010870384411152,0.09799434540573299,2.0226772206081347
2021-10-01,4.1,3.864981077516171,Escambia,0.2350189224838286,control units,0.0484478415079348,0.009602891731498102,0.19821093020058156,0.22010870384411152,0.09799434540573299,2.0226772206081347
2021-11-01,3.9,3.684346237853009,Escambia,0.21565376214699095,control units,0.0484478415079348,0.009602891731498102,0.19821093020058156,0.22010870384411152,0.09799434540573299,2.0226772206081347
2021-12-01,3.4,3.189990355396725,Escambia,0.2100096446032751,control units,0.0484478415079348,0.009602891731498102,0.19821093020058156,0.22010870384411152,0.09799434540573299,2.0226772206081347
2022-01-01,4,3.800600138225898,Escambia,0.19939986177410196,control units,0.0484478415079348,0.009602891731498102,0.19821093020058156,0.22010870384411152,0.09799434540573299,2.0226772206081347
2022-02-01,3.5,3.351980232672959,Escambia,0.14801976732704114,control units,0.0484478415079348,0.009602891731498102,0.19821093020058156,0.22010870384411152,0.09799434540573299,2.0226772206081347
2022-03-01,3.2,3.057487315526016,Escambia,0.14251268447398413,control units,0.0484478415079348,0.009602891731498102,0.19821093020058156,0.22010870384411152,0.09799434540573299,2.0226772206081347
2022-04-01,2.9,2.7651387359015702,Escambia,0.1348612640984297,control units,0.0484478415079348,0.009602891731498102,0.19821093020058156,0.22010870384411152,0.09799434540573299,2.0226772206081347
2022-05-01,2.9,2.8573461919983276,Escambia,0.04265380800167229,control units,0.0484478415079348,0.009602891731498102,0.19821093020058156,0.22010870384411152,0.09799434540573299,2.0226772206081347
2022-06-01,3.3,3.3057171488764188,Escambia,-0.005717148876418943,control units,0.0484478415079348,0.009602891731498102,0.19821093020058156,0.22010870384411152,0.09799434540573299,2.0226772206081347
2022-07-01,3.2,3.106089837449206,Escambia,0.09391016255079432,control units,0.0484478415079348,0.009602891731498102,0.19821093020058156,0.22010870384411152,0.09799434540573299,2.0226772206081347
2022-08-01,3.2,3.1843903114059846,Escambia,0.01560968859401557,control units,0.0484478415079348,0.009602891731498102,0.19821093020058156,0.22010870384411152,0.09799434540573299,2.0226772206081347
2022-09-01,3,2.957678892485033,Escambia,0.04232110751496698,control units,0.0484478415079348,0.009602891731498102,0.19821093020058156,0.22010870384411152,0.09799434540573299,2.0226772206081347
2022-10-01,3,2.9730762572950087,Escambia,0.026923742704991316,control units,0.0484478415079348,0.009602891731498102,0.19821093020058156,0.22010870384411152,0.09799434540573299,2.0226772206081347
2022-11-01,3,2.9385452279277797,Escambia,0.061454772072220276,control units,0.0484478415079348,0.009602891731498102,0.19821093020058156,0.22010870384411152,0.09799434540573299,2.0226772206081347
2022-12-01,2.8,2.5767901496723162,Escambia,0.2232098503276836,control units,0.0484478415079348,0.009602891731498102,0.19821093020058156,0.22010870384411152,0.09799434540573299,2.0226772206081347
2023-01-01,3.1,3.03884765854716,Escambia,0.0611523414528401,control units,0.0484478415079348,0.009602891731498102,0.19821093020058156,0.22010870384411152,0.09799434540573299,2.0226772206081347
2023-02-01,2.9,2.930730885860208,Escambia,-0.030730885860208,control units,0.0484478415079348,0.009602891731498102,0.19821093020058156,0.22010870384411152,0.09799434540573299,2.0226772206081347
2023-03-01,2.8,2.8172512836031327,Escambia,-0.017251283603132883,control units,0.0484478415079348,0.009602891731498102,0.19821093020058156,0.22010870384411152,0.09799434540573299,2.0226772206081347
2023-04-01,2.5,2.5172341737376422,Escambia,-0.017234173737642244,control units,0.0484478415079348,0.009602891731498102,0.19821093020058156,0.22010870384411152,0.09799434540573299,2.0226772206081347
2023-05-01,2.9,2.825456201189755,Escambia,0.07454379881024487,control units,0.0484478415079348,0.009602891731498102,0.19821093020058156,0.22010870384411152,0.09799434540573299,2.0226772206081347
2023-06-01,3.3,3.2677614056768505,Escambia,0.03223859432314935,control units,0.0484478415079348,0.009602891731498102,0.19821093020058156,0.22010870384411152,0.09799434540573299,2.0226772206081347
2023-07-01,3.3,3.3060801821181767,Escambia,-0.006080182118176847,control units,0.0484478415079348,0.009602891731498102,0.19821093020058156,0.22010870384411152,0.09799434540573299,2.0226772206081347
2023-08-01,3.4,3.5060971886073182,Escambia,-0.10609718860731832,control units,0.0484478415079348,0.009602891731498102,0.19821093020058156,0.22010870384411152,0.09799434540573299,2.0226772206081347
2023-09-01,3.3,3.4365873842310597,Escambia,-0.13658738423105987,control units,0.0484478415079348,0.009602891731498102,0.19821093020058156,0.22010870384411152,0.09799434540573299,2.0226772206081347
2023-10-01,3.5,3.3791293377259595,Escambia,0.12087066227404053,control units,0.0484478415079348,0.009602891731498102,0.19821093020058156,0.22010870384411152,0.09799434540573299,2.0226772206081347
2023-11-01,3.4,3.2311536653750035,Escambia,0.16884633462499643,control units,0.0484478415079348,0.009602891731498102,0.19821093020058156,0.22010870384411152,0.09799434540573299,2.0226772206081347
2023-12-01,3.2,3.130891825228327,Escambia,0.06910817477167308,control units,0.0484478415079348,0.009602891731498102,0.19821093020058156,0.22010870384411152,0.09799434540573299,2.0226772206081347
2021-01-01,5.7,5.632730790903685,Flagler,0.06726920909631495,control units,0.003335265994069201,0.019689154296896962,5.903323552576732,0.05775176182653825,0.14031804693943314,42.07102137848913
2021-02-01,5.2,5.168834957815398,Flagler,0.031165042184602143,control units,0.003335265994069201,0.019689154296896962,5.903323552576732,0.05775176182653825,0.14031804693943314,42.07102137848913
2021-03-01,5.1,5.118232709576032,Flagler,-0.018232709576031958,control units,0.003335265994069201,0.019689154296896962,5.903323552576732,0.05775176182653825,0.14031804693943314,42.07102137848913
2021-04-01,4.8,4.764351579572498,Flagler,0.035648420427501826,control units,0.003335265994069201,0.019689154296896962,5.903323552576732,0.05775176182653825,0.14031804693943314,42.07102137848913
2021-05-01,4.6,4.622100645413082,Flagler,-0.0221006454130821,control units,0.003335265994069201,0.019689154296896962,5.903323552576732,0.05775176182653825,0.14031804693943314,42.07102137848913
2021-06-01,5.4,5.32860734145068,Flagler,0.07139265854932031,control units,0.003335265994069201,0.019689154296896962,5.903323552576732,0.05775176182653825,0.14031804693943314,42.07102137848913
2021-07-01,5,5.086440243588291,Flagler,-0.08644024358829139,control units,0.003335265994069201,0.019689154296896962,5.903323552576732,0.05775176182653825,0.14031804693943314,42.07102137848913
2021-08-01,4.9,4.824602267040958,Flagler,0.07539773295904251,control units,0.003335265994069201,0.019689154296896962,5.903323552576732,0.05775176182653825,0.14031804693943314,42.07102137848913
2021-09-01,4.4,4.3898236391109435,Flagler,0.010176360889056824,control units,0.003335265994069201,0.019689154296896962,5.903323552576732,0.05775176182653825,0.14031804693943314,42.07102137848913
2021-10-01,4.2,4.099074938128532,Flagler,0.1009250618714681,control units,0.003335265994069201,0.019689154296896962,5.903323552576732,0.05775176182653825,0.14031804693943314,42.07102137848913
2021-11-01,4,3.9971055675739517,Flagler,0.0028944324260482546,control units,0.003335265994069201,0.019689154296896962,5.903323552576732,0.05775176182653825,0.14031804693943314,42.07102137848913
2021-12-01,3.5,3.4230455419671584,Flagler,0.07695445803284162,control units,0.003335265994069201,0.019689154296896962,5.903323552576732,0.05775176182653825,0.14031804693943314,42.07102137848913
2022-01-01,4.2,4.215548102121287,Flagler,-0.015548102121286433,control units,0.003335265994069201,0.019689154296896962,5.903323552576732,0.05775176182653825,0.14031804693943314,42.07102137848913
2022-02-01,3.7,3.6989480415214784,Flagler,0.0010519584785217972,control units,0.003335265994069201,0.019689154296896962,5.903323552576732,0.05775176182653825,0.14031804693943314,42.07102137848913
2022-03-01,3.4,3.3305180083865307,Flagler,0.06948199161346924,control units,0.003335265994069201,0.019689154296896962,5.903323552576732,0.05775176182653825,0.14031804693943314,42.07102137848913
2022-04-01,3.1,3.0373228498031812,Flagler,0.06267715019681885,control units,0.003335265994069201,0.019689154296896962,5.903323552576732,0.05775176182653825,0.14031804693943314,42.07102137848913
2022-05-01,3.2,3.1273771756050013,Flagler,0.0726228243949989,control units,0.003335265994069201,0.019689154296896962,5.903323552576732,0.05775176182653825,0.14031804693943314,42.07102137848913
2022-06-01,3.7,3.6436633293770493,Flagler,0.05633667062295089,control units,0.003335265994069201,0.019689154296896962,5.903323552576732,0.05775176182653825,0.14031804693943314,42.07102137848913
2022-07-01,3.5,3.418555282787608,Flagler,0.08144471721239199,control units,0.003335265994069201,0.019689154296896962,5.903323552576732,0.05775176182653825,0.14031804693943314,42.07102137848913
2022-08-01,3.5,3.440604825946681,Flagler,0.05939517405331918,control units,0.003335265994069201,0.019689154296896962,5.903323552576732,0.05775176182653825,0.14031804693943314,42.07102137848913
2022-09-01,3.3,3.2807356561829932,Flagler,0.01926434381700659,control units,0.003335265994069201,0.019689154296896962,5.903323552576732,0.05775176182653825,0.14031804693943314,42.07102137848913
2022-10-01,3.4,3.358816686465077,Flagler,0.041183313534923105,control units,0.003335265994069201,0.019689154296896962,5.903323552576732,0.05775176182653825,0.14031804693943314,42.07102137848913
2022-11-01,3.4,3.3167522128795515,Flagler,0.08324778712044845,control units,0.003335265994069201,0.019689154296896962,5.903323552576732,0.05775176182653825,0.14031804693943314,42.07102137848913
2022-12-01,3,2.926937532294263,Flagler,0.07306246770573699,control units,0.003335265994069201,0.019689154296896962,5.903323552576732,0.05775176182653825,0.14031804693943314,42.07102137848913
2023-01-01,3.6,3.471271885445246,Flagler,0.1287281145547543,control units,0.003335265994069201,0.019689154296896962,5.903323552576732,0.05775176182653825,0.14031804693943314,42.07102137848913
2023-02-01,3.4,3.2853686582910635,Flagler,0.11463134170893641,control units,0.003335265994069201,0.019689154296896962,5.903323552576732,0.05775176182653825,0.14031804693943314,42.07102137848913
2023-03-01,3.3,3.1970721044920816,Flagler,0.10292789550791825,control units,0.003335265994069201,0.019689154296896962,5.903323552576732,0.05775176182653825,0.14031804693943314,42.07102137848913
2023-04-01,3,2.8426518761772206,Flagler,0.1573481238227794,control units,0.003335265994069201,0.019689154296896962,5.903323552576732,0.05775176182653825,0.14031804693943314,42.07102137848913
2023-05-01,3.4,3.249061864626839,Flagler,0.1509381353731607,control units,0.003335265994069201,0.019689154296896962,5.903323552576732,0.05775176182653825,0.14031804693943314,42.07102137848913
2023-06-01,3.7,3.660897705609128,Flagler,0.039102294390872316,control units,0.003335265994069201,0.019689154296896962,5.903323552576732,0.05775176182653825,0.14031804693943314,42.07102137848913
2023-07-01,3.8,3.6995432232235257,Flagler,0.10045677677647413,control units,0.003335265994069201,0.019689154296896962,5.903323552576732,0.05775176182653825,0.14031804693943314,42.07102137848913
2023-08-01,4.1,3.9124564784788882,Flagler,0.18754352152111142,control units,0.003335265994069201,0.019689154296896962,5.903323552576732,0.05775176182653825,0.14031804693943314,42.07102137848913
2023-09-01,4.1,3.7932707726141732,Flagler,0.3067292273858264,control units,0.003335265994069201,0.019689154296896962,5.903323552576732,0.05775176182653825,0.14031804693943314,42.07102137848913
2023-10-01,3.9,3.787976206061575,Flagler,0.11202379393842499,control units,0.003335265994069201,0.019689154296896962,5.903323552576732,0.05775176182653825,0.14031804693943314,42.07102137848913
2023-11-01,3.8,3.629981217973697,Flagler,0.1700187820263026,control units,0.003335265994069201,0.019689154296896962,5.903323552576732,0.05775176182653825,0.14031804693943314,42.07102137848913
2023-12-01,3.6,3.4941931335649823,Flagler,0.1058068664350178,control units,0.003335265994069201,0.019689154296896962,5.903323552576732,0.05775176182653825,0.14031804693943314,42.07102137848913
2021-01-01,4.4,4.655512784245151,Gulf,-0.255512784245151,control units,0.1670502379037845,0.07136960746660014,0.4272343958450793,0.40871779739055225,0.26715090766568644,1.5992249458486654
2021-02-01,4.4,4.345577076429096,Gulf,0.05442292357090395,control units,0.1670502379037845,0.07136960746660014,0.4272343958450793,0.40871779739055225,0.26715090766568644,1.5992249458486654
2021-03-01,3.7,4.2130495940558745,Gulf,-0.5130495940558744,control units,0.1670502379037845,0.07136960746660014,0.4272343958450793,0.40871779739055225,0.26715090766568644,1.5992249458486654
2021-04-01,3.3,3.9512197747478455,Gulf,-0.6512197747478456,control units,0.1670502379037845,0.07136960746660014,0.4272343958450793,0.40871779739055225,0.26715090766568644,1.5992249458486654
2021-05-01,3.2,3.8510329125997216,Gulf,-0.6510329125997214,control units,0.1670502379037845,0.07136960746660014,0.4272343958450793,0.40871779739055225,0.26715090766568644,1.5992249458486654
2021-06-01,3.8,4.602761287516421,Gulf,-0.8027612875164216,control units,0.1670502379037845,0.07136960746660014,0.4272343958450793,0.40871779739055225,0.26715090766568644,1.5992249458486654
2021-07-01,3.7,4.395670773002078,Gulf,-0.6956707730020781,control units,0.1670502379037845,0.07136960746660014,0.4272343958450793,0.40871779739055225,0.26715090766568644,1.5992249458486654
2021-08-01,3.6,4.228141438675439,Gulf,-0.6281414386754389,control units,0.1670502379037845,0.07136960746660014,0.4272343958450793,0.40871779739055225,0.26715090766568644,1.5992249458486654
2021-09-01,3.2,3.7665465823904443,Gulf,-0.5665465823904441,control units,0.1670502379037845,0.07136960746660014,0.4272343958450793,0.40871779739055225,0.26715090766568644,1.5992249458486654
2021-10-01,3.1,3.5146018452725643,Gulf,-0.41460184527256416,control units,0.1670502379037845,0.07136960746660014,0.4272343958450793,0.40871779739055225,0.26715090766568644,1.5992249458486654
2021-11-01,3.1,3.391874145151762,Gulf,-0.29187414515176213,control units,0.1670502379037845,0.07136960746660014,0.4272343958450793,0.40871779739055225,0.26715090766568644,1.5992249458486654
2021-12-01,3,2.9651772652888284,Gulf,0.03482273471117159,control units,0.1670502379037845,0.07136960746660014,0.4272343958450793,0.40871779739055225,0.26715090766568644,1.5992249458486654
2022-01-01,3.8,3.6691096151104503,Gulf,0.13089038488954952,control units,0.1670502379037845,0.07136960746660014,0.4272343958450793,0.40871779739055225,0.26715090766568644,1.5992249458486654
2022-02-01,3.3,3.232638769975815,Gulf,0.06736123002418504,control units,0.1670502379037845,0.07136960746660014,0.4272343958450793,0.40871779739055225,0.26715090766568644,1.5992249458486654
2022-03-01,2.9,2.9132299466641496,Gulf,-0.013229946664149672,control units,0.1670502379037845,0.07136960746660014,0.4272343958450793,0.40871779739055225,0.26715090766568644,1.5992249458486654
2022-04-01,2.4,2.7187651544734313,Gulf,-0.31876515447343134,control units,0.1670502379037845,0.07136960746660014,0.4272343958450793,0.40871779739055225,0.26715090766568644,1.5992249458486654
2022-05-01,2.5,2.761026534766554,Gulf,-0.2610265347665539,control units,0.1670502379037845,0.07136960746660014,0.4272343958450793,0.40871779739055225,0.26715090766568644,1.5992249458486654
2022-06-01,3.1,3.22267309756376,Gulf,-0.12267309756375999,control units,0.1670502379037845,0.07136960746660014,0.4272343958450793,0.40871779739055225,0.26715090766568644,1.5992249458486654
2022-07-01,3.1,3.1226247511710783,Gulf,-0.022624751171078206,control units,0.1670502379037845,0.07136960746660014,0.4272343958450793,0.40871779739055225,0.26715090766568644,1.5992249458486654
2022-08-01,3,3.0649484257086193,Gulf,-0.06494842570861925,control units,0.1670502379037845,0.07136960746660014,0.4272343958450793,0.40871779739055225,0.26715090766568644,1.5992249458486654
2022-09-01,2.8,2.9227500999152736,Gulf,-0.12275009991527375,control units,0.1670502379037845,0.07136960746660014,0.4272343958450793,0.40871779739055225,0.26715090766568644,1.5992249458486654
2022-10-01,2.9,2.8806510140428117,Gulf,0.01934898595718826,control units,0.1670502379037845,0.07136960746660014,0.4272343958450793,0.40871779739055225,0.26715090766568644,1.5992249458486654
2022-11-01,2.8,2.822994590111612,Gulf,-0.0229945901116122,control units,0.1670502379037845,0.07136960746660014,0.4272343958450793,0.40871779739055225,0.26715090766568644,1.5992249458486654
2022-12-01,2.5,2.4807487479635553,Gulf,0.019251252036444733,control units,0.1670502379037845,0.07136960746660014,0.4272343958450793,0.40871779739055225,0.26715090766568644,1.5992249458486654
2023-01-01,2.8,2.9652337244737077,Gulf,-0.16523372447370788,control units,0.1670502379037845,0.07136960746660014,0.4272343958450793,0.40871779739055225,0.26715090766568644,1.5992249458486654
2023-02-01,2.6,2.880696280754861,Gulf,-0.28069628075486097,control units,0.1670502379037845,0.07136960746660014,0.4272343958450793,0.40871779739055225,0.26715090766568644,1.5992249458486654
2023-03-01,2.5,2.7806748972402033,Gulf,-0.28067489724020334,control units,0.1670502379037845,0.07136960746660014,0.4272343958450793,0.40871779739055225,0.26715090766568644,1.5992249458486654
2023-04-01,2.2,2.5286023574556267,Gulf,-0.3286023574556265,control units,0.1670502379037845,0.07136960746660014,0.4272343958450793,0.40871779739055225,0.26715090766568644,1.5992249458486654
2023-05-01,2.5,2.9031667497250773,Gulf,-0.40316674972507727,control units,0.1670502379037845,0.07136960746660014,0.4272343958450793,0.40871779739055225,0.26715090766568644,1.5992249458486654
2023-06-01,2.9,3.3224970819516244,Gulf,-0.4224970819516245,control units,0.1670502379037845,0.07136960746660014,0.4272343958450793,0.40871779739055225,0.26715090766568644,1.5992249458486654
2023-07-01,2.9,3.284364404626206,Gulf,-0.384364404626206,control units,0.1670502379037845,0.07136960746660014,0.4272343958450793,0.40871779739055225,0.26715090766568644,1.5992249458486654
2023-08-01,3.3,3.49416630943465,Gulf,-0.19416630943464996,control units,0.1670502379037845,0.07136960746660014,0.4272343958450793,0.40871779739055225,0.26715090766568644,1.5992249458486654
2023-09-01,3.3,3.33665472914119,Gulf,-0.03665472914119006,control units,0.1670502379037845,0.07136960746660014,0.4272343958450793,0.40871779739055225,0.26715090766568644,1.5992249458486654
2023-10-01,2.9,3.3521464643233942,Gulf,-0.45214646432339434,control units,0.1670502379037845,0.07136960746660014,0.4272343958450793,0.40871779739055225,0.26715090766568644,1.5992249458486654
2023-11-01,3,3.184747240904743,Gulf,-0.18474724090474304,control units,0.1670502379037845,0.07136960746660014,0.4272343958450793,0.40871779739055225,0.26715090766568644,1.5992249458486654
2023-12-01,3,3.100122788952732,Gulf,-0.10012278895273186,control units,0.1670502379037845,0.07136960746660014,0.4272343958450793,0.40871779739055225,0.26715090766568644,1.5992249458486654
2021-01-01,5.6,5.4912407225527335,Hernando,0.1087592774472661,control units,0.013671795534538803,0.00846422747033173,0.6191013791091821,0.11692645352758632,0.09200123624349692,6.729272392282046
2021-02-01,5.2,5.124238795302841,Hernando,0.07576120469715875,control units,0.013671795534538803,0.00846422747033173,0.6191013791091821,0.11692645352758632,0.09200123624349692,6.729272392282046
2021-03-01,5.1,4.912208437864981,Hernando,0.18779156213501835,control units,0.013671795534538803,0.00846422747033173,0.6191013791091821,0.11692645352758632,0.09200123624349692,6.729272392282046
2021-04-01,4.8,4.584712359183913,Hernando,0.21528764081608642,control units,0.013671795534538803,0.00846422747033173,0.6191013791091821,0.11692645352758632,0.09200123624349692,6.729272392282046
2021-05-01,4.7,4.470429617742389,Hernando,0.22957038225761117,control units,0.013671795534538803,0.00846422747033173,0.6191013791091821,0.11692645352758632,0.09200123624349692,6.729272392282046
2021-06-01,5.3,5.21061368108994,Hernando,0.08938631891005944,control units,0.013671795534538803,0.00846422747033173,0.6191013791091821,0.11692645352758632,0.09200123624349692,6.729272392282046
2021-07-01,5.1,5.017228364694942,Hernando,0.0827716353050576,control units,0.013671795534538803,0.00846422747033173,0.6191013791091821,0.11692645352758632,0.09200123624349692,6.729272392282046
2021-08-01,4.9,4.82576382231595,Hernando,0.07423617768405055,control units,0.013671795534538803,0.00846422747033173,0.6191013791091821,0.11692645352758632,0.09200123624349692,6.729272392282046
2021-09-01,4.4,4.291871580303117,Hernando,0.10812841969688325,control units,0.013671795534538803,0.00846422747033173,0.6191013791091821,0.11692645352758632,0.09200123624349692,6.729272392282046
2021-10-01,4.1,4.016368146797981,Hernando,0.08363185320201882,control units,0.013671795534538803,0.00846422747033173,0.6191013791091821,0.11692645352758632,0.09200123624349692,6.729272392282046
2021-11-01,3.9,3.923102046895449,Hernando,-0.023102046895449035,control units,0.013671795534538803,0.00846422747033173,0.6191013791091821,0.11692645352758632,0.09200123624349692,6.729272392282046
2021-12-01,3.4,3.482010245482714,Hernando,-0.08201024548271407,control units,0.013671795534538803,0.00846422747033173,0.6191013791091821,0.11692645352758632,0.09200123624349692,6.729272392282046
2022-01-01,4.2,4.29912993015223,Hernando,-0.09912993015222948,control units,0.013671795534538803,0.00846422747033173,0.6191013791091821,0.11692645352758632,0.09200123624349692,6.729272392282046
2022-02-01,3.7,3.7469429380983237,Hernando,-0.046942938098323506,control units,0.013671795534538803,0.00846422747033173,0.6191013791091821,0.11692645352758632,0.09200123624349692,6.729272392282046
2022-03-01,3.4,3.349203600454753,Hernando,0.05079639954524673,control units,0.013671795534538803,0.00846422747033173,0.6191013791091821,0.11692645352758632,0.09200123624349692,6.729272392282046
2022-04-01,3,3.0174814306644855,Hernando,-0.017481430664485487,control units,0.013671795534538803,0.00846422747033173,0.6191013791091821,0.11692645352758632,0.09200123624349692,6.729272392282046
2022-05-01,3.1,3.0984263221649253,Hernando,0.0015736778350747826,control units,0.013671795534538803,0.00846422747033173,0.6191013791091821,0.11692645352758632,0.09200123624349692,6.729272392282046
2022-06-01,3.5,3.651764581350881,Hernando,-0.15176458135088078,control units,0.013671795534538803,0.00846422747033173,0.6191013791091821,0.11692645352758632,0.09200123624349692,6.729272392282046
2022-07-01,3.4,3.5395899286272594,Hernando,-0.1395899286272595,control units,0.013671795534538803,0.00846422747033173,0.6191013791091821,0.11692645352758632,0.09200123624349692,6.729272392282046
2022-08-01,3.4,3.519258023791861,Hernando,-0.11925802379186123,control units,0.013671795534538803,0.00846422747033173,0.6191013791091821,0.11692645352758632,0.09200123624349692,6.729272392282046
2022-09-01,3.2,3.33139948767409,Hernando,-0.13139948767409004,control units,0.013671795534538803,0.00846422747033173,0.6191013791091821,0.11692645352758632,0.09200123624349692,6.729272392282046
2022-10-01,3.2,3.293770773045059,Hernando,-0.09377077304505876,control units,0.013671795534538803,0.00846422747033173,0.6191013791091821,0.11692645352758632,0.09200123624349692,6.729272392282046
2022-11-01,3.2,3.2711324676582354,Hernando,-0.07113246765823522,control units,0.013671795534538803,0.00846422747033173,0.6191013791091821,0.11692645352758632,0.09200123624349692,6.729272392282046
2022-12-01,2.8,2.9106740057888953,Hernando,-0.11067400578889552,control units,0.013671795534538803,0.00846422747033173,0.6191013791091821,0.11692645352758632,0.09200123624349692,6.729272392282046
2023-01-01,3.3,3.424912998820528,Hernando,-0.1249129988205282,control units,0.013671795534538803,0.00846422747033173,0.6191013791091821,0.11692645352758632,0.09200123624349692,6.729272392282046
2023-02-01,3.2,3.2690031548354885,Hernando,-0.06900315483548836,control units,0.013671795534538803,0.00846422747033173,0.6191013791091821,0.11692645352758632,0.09200123624349692,6.729272392282046
2023-03-01,3.1,3.155949418076879,Hernando,-0.05594941807687892,control units,0.013671795534538803,0.00846422747033173,0.6191013791091821,0.11692645352758632,0.09200123624349692,6.729272392282046
2023-04-01,2.8,2.8361735879653813,Hernando,-0.036173587965381504,control units,0.013671795534538803,0.00846422747033173,0.6191013791091821,0.11692645352758632,0.09200123624349692,6.729272392282046
2023-05-01,3.2,3.175597391752707,Hernando,0.024402608247293234,control units,0.013671795534538803,0.00846422747033173,0.6191013791091821,0.11692645352758632,0.09200123624349692,6.729272392282046
2023-06-01,3.7,3.677336306928745,Hernando,0.022663693071255153,control units,0.013671795534538803,0.00846422747033173,0.6191013791091821,0.11692645352758632,0.09200123624349692,6.729272392282046
2023-07-01,3.6,3.748997030568987,Hernando,-0.14899703056898694,control units,0.013671795534538803,0.00846422747033173,0.6191013791091821,0.11692645352758632,0.09200123624349692,6.729272392282046
2023-08-01,3.8,3.9921432637959198,Hernando,-0.19214326379591995,control units,0.013671795534538803,0.00846422747033173,0.6191013791091821,0.11692645352758632,0.09200123624349692,6.729272392282046
2023-09-01,3.8,3.8958163651302047,Hernando,-0.09581636513020486,control units,0.013671795534538803,0.00846422747033173,0.6191013791091821,0.11692645352758632,0.09200123624349692,6.729272392282046
2023-10-01,3.8,3.820458743996541,Hernando,-0.02045874399654135,control units,0.013671795534538803,0.00846422747033173,0.6191013791091821,0.11692645352758632,0.09200123624349692,6.729272392282046
2023-11-01,3.7,3.674379645927842,Hernando,0.025620354072158236,control units,0.013671795534538803,0.00846422747033173,0.6191013791091821,0.11692645352758632,0.09200123624349692,6.729272392282046
2023-12-01,3.5,3.574661331190201,Hernando,-0.07466133119020091,control units,0.013671795534538803,0.00846422747033173,0.6191013791091821,0.11692645352758632,0.09200123624349692,6.729272392282046
2021-01-01,5.7,5.4736324121842195,Lake,0.2263675878157807,control units,0.02752404321463941,0.07159091626812476,2.601031967209207,0.1659037166992934,0.2675647889168617,9.721129516849112
2021-02-01,5.2,5.016563250727102,Lake,0.18343674927289833,control units,0.02752404321463941,0.07159091626812476,2.601031967209207,0.1659037166992934,0.2675647889168617,9.721129516849112
2021-03-01,5.1,4.913743054059672,Lake,0.18625694594032804,control units,0.02752404321463941,0.07159091626812476,2.601031967209207,0.1659037166992934,0.2675647889168617,9.721129516849112
2021-04-01,4.8,4.657150700100762,Lake,0.1428492998992379,control units,0.02752404321463941,0.07159091626812476,2.601031967209207,0.1659037166992934,0.2675647889168617,9.721129516849112
2021-05-01,4.6,4.504614210609772,Lake,0.09538578939022724,control units,0.02752404321463941,0.07159091626812476,2.601031967209207,0.1659037166992934,0.2675647889168617,9.721129516849112
2021-06-01,5.2,5.187747110556429,Lake,0.012252889443571391,control units,0.02752404321463941,0.07159091626812476,2.601031967209207,0.1659037166992934,0.2675647889168617,9.721129516849112
2021-07-01,4.9,4.958069582185522,Lake,-0.05806958218552172,control units,0.02752404321463941,0.07159091626812476,2.601031967209207,0.1659037166992934,0.2675647889168617,9.721129516849112
2021-08-01,4.6,4.716560967214946,Lake,-0.11656096721494613,control units,0.02752404321463941,0.07159091626812476,2.601031967209207,0.1659037166992934,0.2675647889168617,9.721129516849112
2021-09-01,4.2,4.2656560438766995,Lake,-0.06565604387669932,control units,0.02752404321463941,0.07159091626812476,2.601031967209207,0.1659037166992934,0.2675647889168617,9.721129516849112
2021-10-01,3.9,4.005498115772216,Lake,-0.10549811577221613,control units,0.02752404321463941,0.07159091626812476,2.601031967209207,0.1659037166992934,0.2675647889168617,9.721129516849112
2021-11-01,3.8,3.82290325402096,Lake,-0.022903254020960162,control units,0.02752404321463941,0.07159091626812476,2.601031967209207,0.1659037166992934,0.2675647889168617,9.721129516849112
2021-12-01,3.2,3.317315444949491,Lake,-0.11731544494949064,control units,0.02752404321463941,0.07159091626812476,2.601031967209207,0.1659037166992934,0.2675647889168617,9.721129516849112
2022-01-01,3.9,3.998869934068188,Lake,-0.09886993406818823,control units,0.02752404321463941,0.07159091626812476,2.601031967209207,0.1659037166992934,0.2675647889168617,9.721129516849112
2022-02-01,3.4,3.5285376596441056,Lake,-0.12853765964410568,control units,0.02752404321463941,0.07159091626812476,2.601031967209207,0.1659037166992934,0.2675647889168617,9.721129516849112
2022-03-01,3.1,3.2072706223766283,Lake,-0.10727062237662821,control units,0.02752404321463941,0.07159091626812476,2.601031967209207,0.1659037166992934,0.2675647889168617,9.721129516849112
2022-04-01,2.8,2.8947784743830796,Lake,-0.09477847438307974,control units,0.02752404321463941,0.07159091626812476,2.601031967209207,0.1659037166992934,0.2675647889168617,9.721129516849112
2022-05-01,2.8,2.9884948129382756,Lake,-0.18849481293827575,control units,0.02752404321463941,0.07159091626812476,2.601031967209207,0.1659037166992934,0.2675647889168617,9.721129516849112
2022-06-01,3.2,3.465192821992694,Lake,-0.2651928219926938,control units,0.02752404321463941,0.07159091626812476,2.601031967209207,0.1659037166992934,0.2675647889168617,9.721129516849112
2022-07-01,3.1,3.3107811420105406,Lake,-0.21078114201054055,control units,0.02752404321463941,0.07159091626812476,2.601031967209207,0.1659037166992934,0.2675647889168617,9.721129516849112
2022-08-01,3,3.3318700977424327,Lake,-0.3318700977424327,control units,0.02752404321463941,0.07159091626812476,2.601031967209207,0.1659037166992934,0.2675647889168617,9.721129516849112
2022-09-01,2.9,3.173623339948339,Lake,-0.273623339948339,control units,0.02752404321463941,0.07159091626812476,2.601031967209207,0.1659037166992934,0.2675647889168617,9.721129516849112
2022-10-01,2.9,3.134313811964967,Lake,-0.23431381196496703,control units,0.02752404321463941,0.07159091626812476,2.601031967209207,0.1659037166992934,0.2675647889168617,9.721129516849112
2022-11-01,2.9,3.0945751964852337,Lake,-0.1945751964852338,control units,0.02752404321463941,0.07159091626812476,2.601031967209207,0.1659037166992934,0.2675647889168617,9.721129516849112
2022-12-01,2.5,2.7310951399267696,Lake,-0.23109513992676955,control units,0.02752404321463941,0.07159091626812476,2.601031967209207,0.1659037166992934,0.2675647889168617,9.721129516849112
2023-01-01,3,3.2207097103017515,Lake,-0.22070971030175146,control units,0.02752404321463941,0.07159091626812476,2.601031967209207,0.1659037166992934,0.2675647889168617,9.721129516849112
2023-02-01,2.9,3.089531667823255,Lake,-0.18953166782325503,control units,0.02752404321463941,0.07159091626812476,2.601031967209207,0.1659037166992934,0.2675647889168617,9.721129516849112
2023-03-01,2.8,3.018810422040202,Lake,-0.2188104220402023,control units,0.02752404321463941,0.07159091626812476,2.601031967209207,0.1659037166992934,0.2675647889168617,9.721129516849112
2023-04-01,2.5,2.702065144760704,Lake,-0.20206514476070403,control units,0.02752404321463941,0.07159091626812476,2.601031967209207,0.1659037166992934,0.2675647889168617,9.721129516849112
2023-05-01,2.8,3.0768253077253784,Lake,-0.2768253077253786,control units,0.02752404321463941,0.07159091626812476,2.601031967209207,0.1659037166992934,0.2675647889168617,9.721129516849112
2023-06-01,3.1,3.4867567633292076,Lake,-0.3867567633292075,control units,0.02752404321463941,0.07159091626812476,2.601031967209207,0.1659037166992934,0.2675647889168617,9.721129516849112
2023-07-01,3.2,3.513228222166919,Lake,-0.3132282221669187,control units,0.02752404321463941,0.07159091626812476,2.601031967209207,0.1659037166992934,0.2675647889168617,9.721129516849112
2023-08-01,3.4,3.7113081157591465,Lake,-0.31130811575914663,control units,0.02752404321463941,0.07159091626812476,2.601031967209207,0.1659037166992934,0.2675647889168617,9.721129516849112
2023-09-01,3.3,3.6603082123214694,Lake,-0.3603082123214696,control units,0.02752404321463941,0.07159091626812476,2.601031967209207,0.1659037166992934,0.2675647889168617,9.721129516849112
2023-10-01,3.3,3.6113242212863184,Lake,-0.31132422128631854,control units,0.02752404321463941,0.07159091626812476,2.601031967209207,0.1659037166992934,0.2675647889168617,9.721129516849112
2023-11-01,3.2,3.448453425763751,Lake,-0.24845342576375096,control units,0.02752404321463941,0.07159091626812476,2.601031967209207,0.1659037166992934,0.2675647889168617,9.721129516849112
2023-12-01,3.1,3.3112850383540917,Lake,-0.21128503835409163,control units,0.02752404321463941,0.07159091626812476,2.601031967209207,0.1659037166992934,0.2675647889168617,9.721129516849112
2021-01-01,5.8,5.6604117238155105,Marion,0.13958827618448932,control units,0.034650730914264516,0.0140348768615729,0.40503840730803237,0.18614706797117303,0.11846888562645004,3.4189433382970997
2021-02-01,5.5,5.320902123856841,Marion,0.17909787614315942,control units,0.034650730914264516,0.0140348768615729,0.40503840730803237,0.18614706797117303,0.11846888562645004,3.4189433382970997
2021-03-01,5.3,5.015872568574648,Marion,0.28412743142535213,control units,0.034650730914264516,0.0140348768615729,0.40503840730803237,0.18614706797117303,0.11846888562645004,3.4189433382970997
2021-04-01,5,4.716769039156956,Marion,0.2832309608430439,control units,0.034650730914264516,0.0140348768615729,0.40503840730803237,0.18614706797117303,0.11846888562645004,3.4189433382970997
2021-05-01,4.9,4.616267010184621,Marion,0.28373298981537953,control units,0.034650730914264516,0.0140348768615729,0.40503840730803237,0.18614706797117303,0.11846888562645004,3.4189433382970997
2021-06-01,5.7,5.343398249772251,Marion,0.35660175022774876,control units,0.034650730914264516,0.0140348768615729,0.40503840730803237,0.18614706797117303,0.11846888562645004,3.4189433382970997
2021-07-01,5.3,5.127032967730237,Marion,0.17296703226976273,control units,0.034650730914264516,0.0140348768615729,0.40503840730803237,0.18614706797117303,0.11846888562645004,3.4189433382970997
2021-08-01,5.2,4.949841342164137,Marion,0.250158657835863,control units,0.034650730914264516,0.0140348768615729,0.40503840730803237,0.18614706797117303,0.11846888562645004,3.4189433382970997
2021-09-01,4.7,4.4228257968097875,Marion,0.2771742031902127,control units,0.034650730914264516,0.0140348768615729,0.40503840730803237,0.18614706797117303,0.11846888562645004,3.4189433382970997
2021-10-01,4.4,4.150858218848437,Marion,0.2491417811515637,control units,0.034650730914264516,0.0140348768615729,0.40503840730803237,0.18614706797117303,0.11846888562645004,3.4189433382970997
2021-11-01,4.2,4.0195088788633795,Marion,0.1804911211366207,control units,0.034650730914264516,0.0140348768615729,0.40503840730803237,0.18614706797117303,0.11846888562645004,3.4189433382970997
2021-12-01,3.6,3.5964751865851192,Marion,0.0035248134148808674,control units,0.034650730914264516,0.0140348768615729,0.40503840730803237,0.18614706797117303,0.11846888562645004,3.4189433382970997
2022-01-01,4.4,4.403142266869081,Marion,-0.003142266869081034,control units,0.034650730914264516,0.0140348768615729,0.40503840730803237,0.18614706797117303,0.11846888562645004,3.4189433382970997
2022-02-01,3.8,3.8481389944701925,Marion,-0.04813899447019265,control units,0.034650730914264516,0.0140348768615729,0.40503840730803237,0.18614706797117303,0.11846888562645004,3.4189433382970997
2022-03-01,3.5,3.4651281439949675,Marion,0.03487185600503251,control units,0.034650730914264516,0.0140348768615729,0.40503840730803237,0.18614706797117303,0.11846888562645004,3.4189433382970997
2022-04-01,3.2,3.0858219245731293,Marion,0.11417807542687086,control units,0.034650730914264516,0.0140348768615729,0.40503840730803237,0.18614706797117303,0.11846888562645004,3.4189433382970997
2022-05-01,3.3,3.1819792956729525,Marion,0.11802070432704737,control units,0.034650730914264516,0.0140348768615729,0.40503840730803237,0.18614706797117303,0.11846888562645004,3.4189433382970997
2022-06-01,3.8,3.760784441822852,Marion,0.039215558177147614,control units,0.034650730914264516,0.0140348768615729,0.40503840730803237,0.18614706797117303,0.11846888562645004,3.4189433382970997
2022-07-01,3.7,3.644203745407393,Marion,0.0557962545926074,control units,0.034650730914264516,0.0140348768615729,0.40503840730803237,0.18614706797117303,0.11846888562645004,3.4189433382970997
2022-08-01,3.7,3.6591330878601576,Marion,0.040866912139842615,control units,0.034650730914264516,0.0140348768615729,0.40503840730803237,0.18614706797117303,0.11846888562645004,3.4189433382970997
2022-09-01,3.5,3.4183088235384225,Marion,0.08169117646157753,control units,0.034650730914264516,0.0140348768615729,0.40503840730803237,0.18614706797117303,0.11846888562645004,3.4189433382970997
2022-10-01,3.4,3.420578581433561,Marion,-0.020578581433561283,control units,0.034650730914264516,0.0140348768615729,0.40503840730803237,0.18614706797117303,0.11846888562645004,3.4189433382970997
2022-11-01,3.4,3.3511318141641055,Marion,0.04886818583589436,control units,0.034650730914264516,0.0140348768615729,0.40503840730803237,0.18614706797117303,0.11846888562645004,3.4189433382970997
2022-12-01,3,2.9826168910865394,Marion,0.01738310891346062,control units,0.034650730914264516,0.0140348768615729,0.40503840730803237,0.18614706797117303,0.11846888562645004,3.4189433382970997
2023-01-01,3.6,3.4520153641666202,Marion,0.14798463583337984,control units,0.034650730914264516,0.0140348768615729,0.40503840730803237,0.18614706797117303,0.11846888562645004,3.4189433382970997
2023-02-01,3.4,3.2939534698231645,Marion,0.10604653017683541,control units,0.034650730914264516,0.0140348768615729,0.40503840730803237,0.18614706797117303,0.11846888562645004,3.4189433382970997
2023-03-01,3.3,3.19392279316044,Marion,0.10607720683955968,control units,0.034650730914264516,0.0140348768615729,0.40503840730803237,0.18614706797117303,0.11846888562645004,3.4189433382970997
2023-04-01,3,2.8662225223204962,Marion,0.13377747767950376,control units,0.034650730914264516,0.0140348768615729,0.40503840730803237,0.18614706797117303,0.11846888562645004,3.4189433382970997
2023-05-01,3.5,3.1977860659321085,Marion,0.30221393406789154,control units,0.034650730914264516,0.0140348768615729,0.40503840730803237,0.18614706797117303,0.11846888562645004,3.4189433382970997
2023-06-01,3.9,3.7354000146383415,Marion,0.16459998536165843,control units,0.034650730914264516,0.0140348768615729,0.40503840730803237,0.18614706797117303,0.11846888562645004,3.4189433382970997
2023-07-01,3.9,3.7912789285835062,Marion,0.10872107141649368,control units,0.034650730914264516,0.0140348768615729,0.40503840730803237,0.18614706797117303,0.11846888562645004,3.4189433382970997
2023-08-01,4.1,4.06936049170584,Marion,0.030639508294159512,control units,0.034650730914264516,0.0140348768615729,0.40503840730803237,0.18614706797117303,0.11846888562645004,3.4189433382970997
2023-09-01,4,3.995035719242483,Marion,0.004964280757516981,control units,0.034650730914264516,0.0140348768615729,0.40503840730803237,0.18614706797117303,0.11846888562645004,3.4189433382970997
2023-10-01,3.9,3.825918930163254,Marion,0.07408106983674578,control units,0.034650730914264516,0.0140348768615729,0.40503840730803237,0.18614706797117303,0.11846888562645004,3.4189433382970997
2023-11-01,3.8,3.708353632072423,Marion,0.09164636792757674,control units,0.034650730914264516,0.0140348768615729,0.40503840730803237,0.18614706797117303,0.11846888562645004,3.4189433382970997
2023-12-01,3.6,3.604257086645631,Marion,-0.00425708664563107,control units,0.034650730914264516,0.0140348768615729,0.40503840730803237,0.18614706797117303,0.11846888562645004,3.4189433382970997
2021-01-01,4.6,4.683325366076733,Martin,-0.08332536607673369,control units,0.013486493865315276,0.038778074077949615,2.875326564873879,0.11613136469238307,0.1969214921687057,14.601385218077375
2021-02-01,4.2,4.351808463673308,Martin,-0.1518084636733077,control units,0.013486493865315276,0.038778074077949615,2.875326564873879,0.11613136469238307,0.1969214921687057,14.601385218077375
2021-03-01,4.1,4.18962114656757,Martin,-0.0896211465675707,control units,0.013486493865315276,0.038778074077949615,2.875326564873879,0.11613136469238307,0.1969214921687057,14.601385218077375
2021-04-01,3.8,3.784240437716465,Martin,0.015759562283534922,control units,0.013486493865315276,0.038778074077949615,2.875326564873879,0.11613136469238307,0.1969214921687057,14.601385218077375
2021-05-01,3.6,3.6321649554280424,Martin,-0.03216495542804232,control units,0.013486493865315276,0.038778074077949615,2.875326564873879,0.11613136469238307,0.1969214921687057,14.601385218077375
2021-06-01,4.3,4.318926840152582,Martin,-0.018926840152582614,control units,0.013486493865315276,0.038778074077949615,2.875326564873879,0.11613136469238307,0.1969214921687057,14.601385218077375
2021-07-01,4.2,4.197468623954859,Martin,0.002531376045141087,control units,0.013486493865315276,0.038778074077949615,2.875326564873879,0.11613136469238307,0.1969214921687057,14.601385218077375
2021-08-01,4.1,3.978728039474057,Martin,0.12127196052594247,control units,0.013486493865315276,0.038778074077949615,2.875326564873879,0.11613136469238307,0.1969214921687057,14.601385218077375
2021-09-01,3.7,3.579333333186131,Martin,0.1206666668138694,control units,0.013486493865315276,0.038778074077949615,2.875326564873879,0.11613136469238307,0.1969214921687057,14.601385218077375
2021-10-01,3.4,3.3498817213693,Martin,0.05011827863069973,control units,0.013486493865315276,0.038778074077949615,2.875326564873879,0.11613136469238307,0.1969214921687057,14.601385218077375
2021-11-01,3.3,3.2777044864305274,Martin,0.022295513569472458,control units,0.013486493865315276,0.038778074077949615,2.875326564873879,0.11613136469238307,0.1969214921687057,14.601385218077375
2021-12-01,2.9,2.881271545406781,Martin,0.018728454593218924,control units,0.013486493865315276,0.038778074077949615,2.875326564873879,0.11613136469238307,0.1969214921687057,14.601385218077375
2022-01-01,3.6,3.5349939400381447,Martin,0.06500605996185538,control units,0.013486493865315276,0.038778074077949615,2.875326564873879,0.11613136469238307,0.1969214921687057,14.601385218077375
2022-02-01,3.1,3.1094121252552505,Martin,-0.00941212525525037,control units,0.013486493865315276,0.038778074077949615,2.875326564873879,0.11613136469238307,0.1969214921687057,14.601385218077375
2022-03-01,2.9,2.7910099975204252,Martin,0.10899000247957469,control units,0.013486493865315276,0.038778074077949615,2.875326564873879,0.11613136469238307,0.1969214921687057,14.601385218077375
2022-04-01,2.6,2.4578671838330766,Martin,0.14213281616692353,control units,0.013486493865315276,0.038778074077949615,2.875326564873879,0.11613136469238307,0.1969214921687057,14.601385218077375
2022-05-01,2.7,2.557201125479276,Martin,0.14279887452072426,control units,0.013486493865315276,0.038778074077949615,2.875326564873879,0.11613136469238307,0.1969214921687057,14.601385218077375
2022-06-01,3.3,3.090683788083259,Martin,0.20931621191674088,control units,0.013486493865315276,0.038778074077949615,2.875326564873879,0.11613136469238307,0.1969214921687057,14.601385218077375
2022-07-01,3.1,2.9109094161331783,Martin,0.18909058386682176,control units,0.013486493865315276,0.038778074077949615,2.875326564873879,0.11613136469238307,0.1969214921687057,14.601385218077375
2022-08-01,3.1,2.8524701510807087,Martin,0.24752984891929142,control units,0.013486493865315276,0.038778074077949615,2.875326564873879,0.11613136469238307,0.1969214921687057,14.601385218077375
2022-09-01,2.9,2.7846965315039416,Martin,0.11530346849605833,control units,0.013486493865315276,0.038778074077949615,2.875326564873879,0.11613136469238307,0.1969214921687057,14.601385218077375
2022-10-01,2.8,2.745449275662573,Martin,0.054550724337426804,control units,0.013486493865315276,0.038778074077949615,2.875326564873879,0.11613136469238307,0.1969214921687057,14.601385218077375
2022-11-01,2.8,2.723975974579924,Martin,0.07602402542007569,control units,0.013486493865315276,0.038778074077949615,2.875326564873879,0.11613136469238307,0.1969214921687057,14.601385218077375
2022-12-01,2.4,2.437752147341473,Martin,-0.03775214734147303,control units,0.013486493865315276,0.038778074077949615,2.875326564873879,0.11613136469238307,0.1969214921687057,14.601385218077375
2023-01-01,3,2.8744091472666833,Martin,0.12559085273331672,control units,0.013486493865315276,0.038778074077949615,2.875326564873879,0.11613136469238307,0.1969214921687057,14.601385218077375
2023-02-01,2.9,2.745306611722601,Martin,0.1546933882773991,control units,0.013486493865315276,0.038778074077949615,2.875326564873879,0.11613136469238307,0.1969214921687057,14.601385218077375
2023-03-01,2.7,2.621744951708653,Martin,0.07825504829134733,control units,0.013486493865315276,0.038778074077949615,2.875326564873879,0.11613136469238307,0.1969214921687057,14.601385218077375
2023-04-01,2.5,2.298421284464473,Martin,0.20157871553552686,control units,0.013486493865315276,0.038778074077949615,2.875326564873879,0.11613136469238307,0.1969214921687057,14.601385218077375
2023-05-01,2.8,2.648610320502573,Martin,0.15138967949742677,control units,0.013486493865315276,0.038778074077949615,2.875326564873879,0.11613136469238307,0.1969214921687057,14.601385218077375
2023-06-01,3.3,3.029708334037307,Martin,0.27029166596269283,control units,0.013486493865315276,0.038778074077949615,2.875326564873879,0.11613136469238307,0.1969214921687057,14.601385218077375
2023-07-01,3.3,3.0610199771263673,Martin,0.23898002287363251,control units,0.013486493865315276,0.038778074077949615,2.875326564873879,0.11613136469238307,0.1969214921687057,14.601385218077375
2023-08-01,3.6,3.2365190490167364,Martin,0.3634809509832637,control units,0.013486493865315276,0.038778074077949615,2.875326564873879,0.11613136469238307,0.1969214921687057,14.601385218077375
2023-09-01,3.5,3.1931132589487268,Martin,0.3068867410512732,control units,0.013486493865315276,0.038778074077949615,2.875326564873879,0.11613136469238307,0.1969214921687057,14.601385218077375
2023-10-01,3.3,3.129820976338902,Martin,0.1701790236610976,control units,0.013486493865315276,0.038778074077949615,2.875326564873879,0.11613136469238307,0.1969214921687057,14.601385218077375
2023-11-01,3.2,3.0462577062611214,Martin,0.15374229373887882,control units,0.013486493865315276,0.038778074077949615,2.875326564873879,0.11613136469238307,0.1969214921687057,14.601385218077375
2023-12-01,3.1,2.8696824428154133,Martin,0.2303175571845868,control units,0.013486493865315276,0.038778074077949615,2.875326564873879,0.11613136469238307,0.1969214921687057,14.601385218077375
2021-01-01,4.3,4.486345460843636,Monroe,-0.18634546084363635,control units,0.291700529192406,0.6998147498119,2.3990863223641985,0.540093074564381,0.8365493110462168,2.867836110418668
2021-02-01,3.9,4.121848088414499,Monroe,-0.22184808841449888,control units,0.291700529192406,0.6998147498119,2.3990863223641985,0.540093074564381,0.8365493110462168,2.867836110418668
2021-03-01,3.8,3.957262488088777,Monroe,-0.15726248808877719,control units,0.291700529192406,0.6998147498119,2.3990863223641985,0.540093074564381,0.8365493110462168,2.867836110418668
2021-04-01,3.4,3.6513685335359183,Monroe,-0.25136853353591837,control units,0.291700529192406,0.6998147498119,2.3990863223641985,0.540093074564381,0.8365493110462168,2.867836110418668
2021-05-01,3.2,3.510555062924151,Monroe,-0.3105550629241507,control units,0.291700529192406,0.6998147498119,2.3990863223641985,0.540093074564381,0.8365493110462168,2.867836110418668
2021-06-01,3.7,4.16560893837391,Monroe,-0.4656089383739097,control units,0.291700529192406,0.6998147498119,2.3990863223641985,0.540093074564381,0.8365493110462168,2.867836110418668
2021-07-01,3.5,4.020506084787822,Monroe,-0.5205060847878222,control units,0.291700529192406,0.6998147498119,2.3990863223641985,0.540093074564381,0.8365493110462168,2.867836110418668
2021-08-01,3.3,3.894072378610296,Monroe,-0.5940723786102962,control units,0.291700529192406,0.6998147498119,2.3990863223641985,0.540093074564381,0.8365493110462168,2.867836110418668
2021-09-01,3,3.494006803900974,Monroe,-0.49400680390097396,control units,0.291700529192406,0.6998147498119,2.3990863223641985,0.540093074564381,0.8365493110462168,2.867836110418668
2021-10-01,2.8,3.273330955696861,Monroe,-0.473330955696861,control units,0.291700529192406,0.6998147498119,2.3990863223641985,0.540093074564381,0.8365493110462168,2.867836110418668
2021-11-01,2.7,3.1617395871215788,Monroe,-0.4617395871215786,control units,0.291700529192406,0.6998147498119,2.3990863223641985,0.540093074564381,0.8365493110462168,2.867836110418668
2021-12-01,2.3,2.7528428055374343,Monroe,-0.4528428055374345,control units,0.291700529192406,0.6998147498119,2.3990863223641985,0.540093074564381,0.8365493110462168,2.867836110418668
2022-01-01,2.7,3.4161084957507533,Monroe,-0.7161084957507531,control units,0.291700529192406,0.6998147498119,2.3990863223641985,0.540093074564381,0.8365493110462168,2.867836110418668
2022-02-01,2.4,2.9670457844210483,Monroe,-0.5670457844210484,control units,0.291700529192406,0.6998147498119,2.3990863223641985,0.540093074564381,0.8365493110462168,2.867836110418668
2022-03-01,2.1,2.7400161939303045,Monroe,-0.6400161939303044,control units,0.291700529192406,0.6998147498119,2.3990863223641985,0.540093074564381,0.8365493110462168,2.867836110418668
2022-04-01,1.9,2.481078203510209,Monroe,-0.5810782035102089,control units,0.291700529192406,0.6998147498119,2.3990863223641985,0.540093074564381,0.8365493110462168,2.867836110418668
2022-05-01,1.9,2.5662571394250064,Monroe,-0.6662571394250065,control units,0.291700529192406,0.6998147498119,2.3990863223641985,0.540093074564381,0.8365493110462168,2.867836110418668
2022-06-01,2.3,3.0478541450506356,Monroe,-0.7478541450506357,control units,0.291700529192406,0.6998147498119,2.3990863223641985,0.540093074564381,0.8365493110462168,2.867836110418668
2022-07-01,2.1,2.874222879630636,Monroe,-0.7742228796306359,control units,0.291700529192406,0.6998147498119,2.3990863223641985,0.540093074564381,0.8365493110462168,2.867836110418668
2022-08-01,2.1,2.8600443907202164,Monroe,-0.7600443907202163,control units,0.291700529192406,0.6998147498119,2.3990863223641985,0.540093074564381,0.8365493110462168,2.867836110418668
2022-09-01,2.1,2.707054162087481,Monroe,-0.607054162087481,control units,0.291700529192406,0.6998147498119,2.3990863223641985,0.540093074564381,0.8365493110462168,2.867836110418668
2022-10-01,2.1,2.8617218558551305,Monroe,-0.7617218558551304,control units,0.291700529192406,0.6998147498119,2.3990863223641985,0.540093074564381,0.8365493110462168,2.867836110418668
2022-11-01,2,2.8216543041149746,Monroe,-0.8216543041149746,control units,0.291700529192406,0.6998147498119,2.3990863223641985,0.540093074564381,0.8365493110462168,2.867836110418668
2022-12-01,1.8,2.3911260544376094,Monroe,-0.5911260544376093,control units,0.291700529192406,0.6998147498119,2.3990863223641985,0.540093074564381,0.8365493110462168,2.867836110418668
2023-01-01,2.1,2.870480282927776,Monroe,-0.7704802829277759,control units,0.291700529192406,0.6998147498119,2.3990863223641985,0.540093074564381,0.8365493110462168,2.867836110418668
2023-02-01,2,2.762218236678158,Monroe,-0.7622182366781578,control units,0.291700529192406,0.6998147498119,2.3990863223641985,0.540093074564381,0.8365493110462168,2.867836110418668
2023-03-01,1.9,2.589236258262499,Monroe,-0.6892362582624991,control units,0.291700529192406,0.6998147498119,2.3990863223641985,0.540093074564381,0.8365493110462168,2.867836110418668
2023-04-01,1.7,2.3333000487083826,Monroe,-0.6333000487083826,control units,0.291700529192406,0.6998147498119,2.3990863223641985,0.540093074564381,0.8365493110462168,2.867836110418668
2023-05-01,1.9,2.6448596310869994,Monroe,-0.7448596310869995,control units,0.291700529192406,0.6998147498119,2.3990863223641985,0.540093074564381,0.8365493110462168,2.867836110418668
2023-06-01,2.1,3.073548005156427,Monroe,-0.9735480051564269,control units,0.291700529192406,0.6998147498119,2.3990863223641985,0.540093074564381,0.8365493110462168,2.867836110418668
2023-07-01,2.2,3.0594043746867357,Monroe,-0.8594043746867355,control units,0.291700529192406,0.6998147498119,2.3990863223641985,0.540093074564381,0.8365493110462168,2.867836110418668
2023-08-01,2.3,3.3001513333300716,Monroe,-1.0001513333300718,control units,0.291700529192406,0.6998147498119,2.3990863223641985,0.540093074564381,0.8365493110462168,2.867836110418668
2023-09-01,2.3,3.1859817715880983,Monroe,-0.8859817715880984,control units,0.291700529192406,0.6998147498119,2.3990863223641985,0.540093074564381,0.8365493110462168,2.867836110418668
2023-10-01,2.2,3.15086138536696,Monroe,-0.9508613853669599,control units,0.291700529192406,0.6998147498119,2.3990863223641985,0.540093074564381,0.8365493110462168,2.867836110418668
2023-11-01,2.1,3.024558593288476,Monroe,-0.9245585932884759,control units,0.291700529192406,0.6998147498119,2.3990863223641985,0.540093074564381,0.8365493110462168,2.867836110418668
2023-12-01,1.9,2.927775925156285,Monroe,-1.027775925156285,control units,0.291700529192406,0.6998147498119,2.3990863223641985,0.540093074564381,0.8365493110462168,2.867836110418668
